{
  "Ansi 6 Color" : {
    "Red Component" : 0.54509803921568623,
    "Color Space" : "sRGB",
    "Blue Component" : 1,
    "Alpha Component" : 1,
    "Green Component" : 0.5490196078431373
  },
  "Tags" : [

  ],
  "Ansi 12 Color" : {
    "Red Component" : 0,
    "Color Space" : "sRGB",
    "Blue Component" : 0.99215686274509807,
    "Alpha Component" : 1,
    "Green Component" : 1
  },
  "Ansi 7 Color" : {
    "Green Component" : 0.77144092321395874,
    "Red Component" : 0.76960963010787964,
    "Blue Component" : 0.70993047952651978
  },
  "Ansi 8 Color" : {
    "Green Component" : 0.36959609389305115,
    "Red Component" : 0.3829454779624939,
    "Blue Component" : 0.29652142524719238
  },
  "Bold Color" : {
    "Green Component" : 1,
    "Red Component" : 0.99563592672348022,
    "Blue Component" : 0.92377042770385742
  },
  "Ansi 9 Color" : {
    "Red Component" : 1,
    "Color Space" : "sRGB",
    "Blue Component" : 0.04229736328125,
    "Alpha Component" : 1,
    "Green Component" : 0.04229736328125
  },
  "Custom Directory" : "No",
  "Ansi 5 Color" : {
    "Red Component" : 0.94489762202088434,
    "Color Space" : "sRGB",
    "Blue Component" : 1,
    "Alpha Component" : 1,
    "Green Component" : 0.31787109375
  },
  "Rows" : 25,
  "Default Bookmark" : "No",
  "Cursor Guide Color" : {
    "Red Component" : 0.70213186740875244,
    "Color Space" : "sRGB",
    "Blue Component" : 1,
    "Alpha Component" : 0.25,
    "Green Component" : 0.9268307089805603
  },
  "Non-ASCII Anti Aliased" : true,
  "Use Bright Bold" : true,
  "Ansi 10 Color" : {
    "Green Component" : 0.87921047210693359,
    "Red Component" : 0.59473341703414917,
    "Blue Component" : 0.14004382491111755
  },
  "Ambiguous Double Width" : false,
  "Jobs to Ignore" : [
    "rlogin",
    "ssh",
    "slogin",
    "telnet"
  ],
  "Ansi 15 Color" : {
    "Green Component" : 0.96549534797668457,
    "Red Component" : 0.96537256240844727,
    "Blue Component" : 0.9359474778175354
  },
  "Foreground Color" : {
    "Green Component" : 0.9319155216217041,
    "Red Component" : 0.91231685876846313,
    "Blue Component" : 0.92148894071578979
  },
  "Working Directory" : "\/Users\/jan",
  "Blinking Cursor" : false,
  "Disable Window Resizing" : true,
  "Sync Title" : false,
  "Prompt Before Closing 2" : false,
  "BM Growl" : true,
  "Command" : "",
  "Description" : "Default",
  "Mouse Reporting" : true,
  "Screen" : -1,
  "Selection Color" : {
    "Green Component" : 0.15055866539478302,
    "Red Component" : 0.15056318044662476,
    "Blue Component" : 0.15056122839450836
  },
  "Columns" : 80,
  "Idle Code" : 0,
  "Ansi 13 Color" : {
    "Red Component" : 0.97308349609375,
    "Color Space" : "sRGB",
    "Blue Component" : 0.10362472105771303,
    "Alpha Component" : 1,
    "Green Component" : 0.69132131548027775
  },
  "Custom Command" : "No",
  "ASCII Anti Aliased" : true,
  "tmux Pane Title" : "Default",
  "Non Ascii Font" : "Monaco 12",
  "Vertical Spacing" : 1,
  "Use Bold Font" : true,
  "Option Key Sends" : 0,
  "Selected Text Color" : {
    "Green Component" : 0.91275316476821899,
    "Red Component" : 0.91186439990997314,
    "Blue Component" : 0.88294440507888794
  },
  "Background Color" : {
    "Green Component" : 0.10051288455724716,
    "Red Component" : 0.10051589459180832,
    "Blue Component" : 0.10051459074020386
  },
  "Character Encoding" : 4,
  "Ansi 11 Color" : {
    "Red Component" : 1,
    "Color Space" : "sRGB",
    "Blue Component" : 0.27630615234375,
    "Alpha Component" : 1,
    "Green Component" : 0.93017016446430034
  },
  "Use Italic Font" : true,
  "Unlimited Scrollback" : false,
  "Keyboard Map" : {
    "0xf700-0x260000" : {
      "Action" : 10,
      "Text" : "[1;6A"
    },
    "0x37-0x40000" : {
      "Action" : 10,
      "Text" : "[27;5;55~"
    },
    "0x32-0x40000" : {
      "Action" : 10,
      "Text" : "[27;5;50~"
    },
    "0xf709-0x20000" : {
      "Action" : 10,
      "Text" : "[17;2~"
    },
    "0xf70c-0x20000" : {
      "Action" : 10,
      "Text" : "[20;2~"
    },
    "0xf729-0x20000" : {
      "Action" : 10,
      "Text" : "[1;2H"
    },
    "0xf72b-0x40000" : {
      "Action" : 10,
      "Text" : "[1;5F"
    },
    "0xf705-0x20000" : {
      "Action" : 10,
      "Text" : "[1;2Q"
    },
    "0xf703-0x260000" : {
      "Action" : 10,
      "Text" : "[1;6C"
    },
    "0xf700-0x220000" : {
      "Action" : 10,
      "Text" : "[1;2A"
    },
    "0xf701-0x280000" : {
      "Action" : 11,
      "Text" : "0x1b 0x1b 0x5b 0x42"
    },
    "0x38-0x40000" : {
      "Action" : 10,
      "Text" : "[27;5;56~"
    },
    "0x33-0x40000" : {
      "Action" : 10,
      "Text" : "[27;5;51~"
    },
    "0xf703-0x220000" : {
      "Action" : 10,
      "Text" : "[1;2C"
    },
    "0xf701-0x240000" : {
      "Action" : 10,
      "Text" : "[1;5B"
    },
    "0xf70d-0x20000" : {
      "Action" : 10,
      "Text" : "[21;2~"
    },
    "0xf702-0x260000" : {
      "Action" : 10,
      "Text" : "[1;6D"
    },
    "0xf729-0x40000" : {
      "Action" : 10,
      "Text" : "[1;5H"
    },
    "0xf706-0x20000" : {
      "Action" : 10,
      "Text" : "[1;2R"
    },
    "0x34-0x40000" : {
      "Action" : 10,
      "Text" : "[27;5;52~"
    },
    "0xf700-0x280000" : {
      "Action" : 11,
      "Text" : "0x1b 0x1b 0x5b 0x41"
    },
    "0x39-0x40000" : {
      "Action" : 10,
      "Text" : "[27;5;57~"
    },
    "0xf70e-0x20000" : {
      "Action" : 10,
      "Text" : "[23;2~"
    },
    "0xf702-0x220000" : {
      "Action" : 10,
      "Text" : "[1;2D"
    },
    "0xf703-0x280000" : {
      "Action" : 11,
      "Text" : "0x1b 0x1b 0x5b 0x43"
    },
    "0xf700-0x240000" : {
      "Action" : 10,
      "Text" : "[1;5A"
    },
    "0xf707-0x20000" : {
      "Action" : 10,
      "Text" : "[1;2S"
    },
    "0xf70a-0x20000" : {
      "Action" : 10,
      "Text" : "[18;2~"
    },
    "0x35-0x40000" : {
      "Action" : 10,
      "Text" : "[27;5;53~"
    },
    "0x30-0x40000" : {
      "Action" : 10,
      "Text" : "[27;5;48~"
    },
    "0xf70f-0x20000" : {
      "Action" : 10,
      "Text" : "[24;2~"
    },
    "0xf703-0x240000" : {
      "Action" : 10,
      "Text" : "[1;5C"
    },
    "0xf701-0x260000" : {
      "Action" : 10,
      "Text" : "[1;6B"
    },
    "0xf702-0x280000" : {
      "Action" : 11,
      "Text" : "0x1b 0x1b 0x5b 0x44"
    },
    "0xf72b-0x20000" : {
      "Action" : 10,
      "Text" : "[1;2F"
    },
    "0x36-0x40000" : {
      "Action" : 10,
      "Text" : "[27;5;54~"
    },
    "0x31-0x40000" : {
      "Action" : 10,
      "Text" : "[27;5;49~"
    },
    "0xf708-0x20000" : {
      "Action" : 10,
      "Text" : "[15;2~"
    },
    "0xf701-0x220000" : {
      "Action" : 10,
      "Text" : "[1;2B"
    },
    "0xf70b-0x20000" : {
      "Action" : 10,
      "Text" : "[19;2~"
    },
    "0xf702-0x240000" : {
      "Action" : 10,
      "Text" : "[1;5D"
    },
    "0xf704-0x20000" : {
      "Action" : 10,
      "Text" : "[1;2P"
    }
  },
  "Window Type" : 0,
  "Background Image Location" : "",
  "Blur" : false,
  "Badge Color" : {
    "Red Component" : 1,
    "Color Space" : "sRGB",
    "Blue Component" : 0,
    "Alpha Component" : 0.5,
    "Green Component" : 0.1491314172744751
  },
  "Scrollback Lines" : 1000,
  "Send Code When Idle" : false,
  "Close Sessions On End" : true,
  "Terminal Type" : "xterm-256color",
  "Visual Bell" : true,
  "Flashing Bell" : false,
  "Silence Bell" : false,
  "Ansi 14 Color" : {
    "Red Component" : 0.80118762740528227,
    "Color Space" : "sRGB",
    "Blue Component" : 0.99224853515625,
    "Alpha Component" : 1,
    "Green Component" : 0.34016186278313398
  },
  "Name" : "Default",
  "Cursor Text Color" : {
    "Green Component" : 0.77144092321395874,
    "Red Component" : 0.76960963010787964,
    "Blue Component" : 0.70993047952651978
  },
  "Shortcut" : "",
  "Cursor Color" : {
    "Green Component" : 0.96674919128417969,
    "Red Component" : 0.96554505825042725,
    "Blue Component" : 0.92647796869277954
  },